<?xml version="1.0" encoding="UTF-8" ?>
<weapons>
<weapon id_weapon="1">
<weapon_name>Mama's Chancla</weapon_name>
<type>Daga</type>
<pdamage damage="99"/>
<pdefence defence="99"/>
<level>1</level>
<level_min>5</level_min>
<uses>1</uses>
</weapon>


<weapon id_weapon="2">
<weapon_name>Merce's Puñalote</weapon_name>
<type>Puñal</type>
<pdamage damage="80"/>
<pdefence damage="5"/>
<level>1</level>
<level_min>51</level_min>
<uses>100</uses>
</weapon>

<weapon id_weapon="3">
<weapon_name>Bazooka Worms</weapon_name>
<type>Proyectil</type>
<pdamage damage="90"/>
<pdefence damage="20"/>
<level>10</level>
<level_min>10</level_min>
<uses>100</uses>
</weapon>

</weapons>